point,area,difficulty,style,answer,question_file,option1,option2,option3,option4,option5
1,,B,checkbox,3!#!4,consumer0.tex,1,2,3,4,5
1,,B,checkbox,2!#!3,consumer1.tex,1,2,3,4,5
1,,B,checkbox,2,consumer2.tex,1,2,3,4,5
1,,B,checkbox,2!#!3,consumer3.tex,1,2,3,4,5
1,,B,checkbox,1,consumer4.tex,1,2,3,4,5
1,,B,checkbox,1!#!2,consumer5.tex,1,2,3,4,5
1,,B,checkbox,2!#!3!#!4,consumer6.tex,1,2,3,4,5
1,,B,checkbox,3,consumer7.tex,1,2,3,4,5
1,,B,checkbox,1!#!2,consumer8.tex,1,2,3,4,5
1,,B,checkbox,4,consumer9.tex,1,2,3,4,5
1,,B,checkbox,1!#!2!#!3!#!4,consumer10.tex,1,2,3,4,5
1,,B,checkbox,1!#!4,consumer11.tex,1,2,3,4,5
1,,B,checkbox,4,consumer12.tex,1,2,3,4,5
1,,B,checkbox,3!#!4,consumer13.tex,1,2,3,4,5
1,,B,checkbox,4,consumer14.tex,1,2,3,4,5
1,,B,checkbox,1!#!3,consumer15.tex,1,2,3,4,5
1,,B,checkbox,1!#!2!#!3,consumer16.tex,1,2,3,4,5
1,,B,checkbox,2,consumer17.tex,1,2,3,4,5
1,,B,checkbox,3,consumer18.tex,1,2,3,4,5
1,,B,checkbox,2,consumer19.tex,1,2,3,4,5
1,,B,checkbox,5,consumer20.tex,1,2,3,4,5
1,,B,checkbox,1!#!4,consumer21.tex,1,2,3,4,5
1,,B,checkbox,1!#!4,consumer22.tex,1,2,3,4,5
1,,B,checkbox,1!#!3,consumer23.tex,1,2,3,4,5
1,,B,checkbox,1!#!2!#!3!#!4,consumer24.tex,1,2,3,4,5
1,,B,checkbox,2,consumer25.tex,1,2,3,4,5
1,,B,checkbox,3,consumer26.tex,1,2,3,4,5
1,,B,checkbox,3!#!4,consumer27.tex,1,2,3,4,5
1,,B,checkbox,3!#!4,consumer28.tex,1,2,3,4,5
1,,B,checkbox,3,consumer29.tex,1,2,3,4,5
1,,B,checkbox,2,consumer30.tex,1,2,3,4,5
1,,B,checkbox,2,consumer31.tex,1,2,3,4,5
1,,B,checkbox,1,consumer32.tex,1,2,3,4,5
1,,B,checkbox,2,consumer33.tex,1,2,3,4,5
1,,B,checkbox,1!#!3,consumer34.tex,1,2,3,4,5
1,,B,checkbox,1!#!3,consumer35.tex,1,2,3,4,5
1,,B,checkbox,3,consumer36.tex,1,2,3,4,5
1,,B,checkbox,4,consumer37.tex,1,2,3,4,5
1,,B,checkbox,5,consumer38.tex,1,2,3,4,5
1,,B,checkbox,2!#!3,consumer39.tex,1,2,3,4,5
1,,B,checkbox,2,consumer40.tex,1,2,3,4,5
1,,B,checkbox,1!#!4,consumer41.tex,1,2,3,4,5
1,,B,checkbox,2,consumer42.tex,1,2,3,4,5
1,,B,checkbox,1!#!3,consumer43.tex,1,2,3,4,5
1,,B,checkbox,4,consumer44.tex,1,2,3,4,5
1,,B,checkbox,1!#!3,consumer45.tex,1,2,3,4,5
1,,B,checkbox,1,consumer46.tex,1,2,3,4,5
1,,B,checkbox,1!#!4,consumer47.tex,1,2,3,4,5
1,,B,checkbox,1!#!3!#!4,consumer48.tex,1,2,3,4,5
1,,B,checkbox,1,consumer49.tex,1,2,3,4,5
1,,B,checkbox,4,consumer50.tex,1,2,3,4,5
1,,B,checkbox,2!#!3!#!4,consumer51.tex,1,2,3,4,5
1,,B,checkbox,3,consumer52.tex,1,2,3,4,5
1,,B,checkbox,2!#!3,consumer53.tex,1,2,3,4,5
1,,B,checkbox,1,consumer54.tex,1,2,3,4,5
1,,B,checkbox,5,consumer55.tex,1,2,3,4,5
1,,B,checkbox,1,consumer56.tex,1,2,3,4,5
1,,B,checkbox,5,consumer57.tex,1,2,3,4,5
1,,B,checkbox,4,consumer58.tex,1,2,3,4,5
1,,B,checkbox,2,consumer59.tex,1,2,3,4,5
